insert into users (user_id, username, password, email) values (1, 'udegue0', '$2a$04$xAUalf1SLhYCEt/ttTVGT.ZJtVG4EAH/l7CgvaGIAPH1m6N/FQSUa', 'kfowlston0@twitpic.com');
insert into users (user_id, username, password, email) values (2, 'rscotter1', '$2a$04$Ns7kyxdh.NeORLJXHETiI.RCqONwp9ZwVAVMdwrfULA9f2qvBjqGq', 'mheffernon1@hubpages.com');
insert into users (user_id, username, password, email) values (3, 'ejeffrey2', '$2a$04$Qsmk9NOYIrYw49tyWf.GhOfomCN3KKhk0nrygyxIKFp7IVOgWfnEy', 'csnalham2@studiopress.com');
insert into users (user_id, username, password, email) values (4, 'krannells3', '$2a$04$Weet.ZSXpdn8kPkh7/iVteDZPogOvWLd4WN7Pxq6OgaTx/FHIn/MK', 'alenoury3@jigsy.com');
insert into users (user_id, username, password, email) values (5, 'tdowyer4', '$2a$04$fQVjZjNPXRn12zonkNwpaeaMHs9L0hTpT.JIHsdMfXOcSV6Po8bcS', 'rpoker4@ycombinator.com');
insert into users (user_id, username, password, email) values (6, 'cpetracek5', '$2a$04$bdMDWH1GGA5k2ALNWFhlzOMsvnNqsk9V8fuqp.xQpHlXlTSP3GZEG', 'kdiclaudio5@cloudflare.com');
insert into users (user_id, username, password, email) values (7, 'cthurgood6', '$2a$04$rv08426Nbejw4dORB6dFqeZhvbFEl.vg4rwtHKZJRq.3uHiVBpAaK', 'mfrowde6@eventbrite.com');
insert into users (user_id, username, password, email) values (8, 'kjobin7', '$2a$04$y/VpRMtFVSuETjNkoBP.QuzxhKHuHnwQ8CVaYbtekHFAQOgSe6dHu', 'bhamblyn7@hostgator.com');
insert into users (user_id, username, password, email) values (9, 'kdisbrow8', '$2a$04$TczVw.pAJORobqzbWqKHeuXycP19GLVLTf.GeAnQTF20r4zemMtpi', 'clampbrecht8@ibm.com');
insert into users (user_id, username, password, email) values (10, 'diddins9', '$2a$04$.sP3hmrlqIjr3JZckGDOXuP6e4BKmdXtwBnClgA3aNbey0uztbbCy', 'fclash9@go.com');
insert into users (user_id, username, password, email) values (11, 'fullmetal', '$2a$12$NyzGDOEMBbiN.ZegoMpebeB5aNWWMgDYnGZYLU5R6G2CQIbji.ZeC', 'm@gmail.com');


insert into book (book_id, title, description) values (1,'Boris Godunov', 'Revision of Synthetic Substitute in Trachea, Extern Approach');
insert into book (book_id, title, description) values (2,'Air Force One', 'Transfer Femoral Nerve to Peroneal Nerve, Perc Endo Approach');
insert into book (book_id, title, description) values (3,'Jazz Singer, The', 'Destruction of Spinal Meninges, Percutaneous Approach');
insert into book (book_id, title, description) values (4,'TerrorStorm: A History of Government-Sponsored Terrorism', 'Revision of Synth Sub in Up Intest Tract, Open Approach');
insert into book (book_id, title, description) values (5,'Hoodwinked Too! Hood vs. Evil', 'Drainage of Left Epididymis, Perc Endo Approach');
insert into book (book_id, title, description) values (6,'Reno 911!: Miami', 'Repair Nasopharynx, Percutaneous Endoscopic Approach');
insert into book (book_id, title, description) values (7,'Johnny Express', 'Fusion C-thor Jt w Autol Sub, Ant Appr A Col, Perc Endo');
insert into book (book_id, title, description) values (8,'Apache', 'Replace of L Brach Vein with Autol Sub, Perc Endo Approach');
insert into book (book_id, title, description) values (9,'Myra Breckinridge', 'Replace Thor Aorta Desc w Zooplastic, Perc Endo');
insert into book (book_id, title, description) values (10,'Like Dandelion Dust', 'Dilation of Right Brachial Artery, Bifurc, Open Approach');


insert into genre (genre_id, title, book_id) values (1, 'Drama', 7);
insert into genre (genre_id, title, book_id) values (2, 'Drama|Romance', 3);
insert into genre (genre_id, title, book_id) values (3, 'Action|Sci-Fi|War', 3);
insert into genre (genre_id, title, book_id) values (4, 'Comedy|Drama|Romance', 1);
insert into genre (genre_id, title, book_id) values (5, 'Drama', 6);
insert into genre (genre_id, title, book_id) values (6, 'Drama|Film-Noir|Romance|Thriller', 9);
insert into genre (genre_id, title, book_id) values (7, 'Drama', 8);
insert into genre (genre_id, title, book_id) values (8, 'Documentary', 5);
insert into genre (genre_id, title, book_id) values (9, 'Drama', 3);
insert into genre (genre_id, title, book_id) values (10, 'Adventure|Sci-Fi', 5);


insert into publisher (publisher_id, title, book_id) values (1, 'Goose, snow', 9);
insert into publisher (publisher_id, title, book_id) values (2, 'Weaver, chestnut', 6);
insert into publisher (publisher_id, title, book_id) values (3, 'Wallaby, euro', 3);
insert into publisher (publisher_id, title, book_id) values (4, 'Seal, common', 5);
insert into publisher (publisher_id, title, book_id) values (5, 'Arctic ground squirrel', 6);
insert into publisher (publisher_id, title, book_id) values (6, 'Pied cormorant', 1);
insert into publisher (publisher_id, title, book_id) values (7, 'Screamer, crested', 9);
insert into publisher (publisher_id, title, book_id) values (8, 'Snake, buttermilk', 9);
insert into publisher (publisher_id, title, book_id) values (9, 'Greater roadrunner', 7);
insert into publisher (publisher_id, title, book_id) values (10, 'Pelican, australian', 10);

insert into author (author_id, name) values (1, 'Janis Ledford');
insert into author (author_id, name) values (2, 'Euphemia Chesman');
insert into author (author_id, name) values (3, 'Harv Pre');
insert into author (author_id, name) values (4, 'Wynn Teodoro');
insert into author (author_id, name) values (5, 'Adelice Nouch');
insert into author (author_id, name) values (6, 'Bianka Buckberry');
insert into author (author_id, name) values (7, 'Hildagarde Raynes');
insert into author (author_id, name) values (8, 'Farley Erbe');
insert into author (author_id, name) values (9, 'Sauncho Ruffles');
insert into author (author_id, name) values (10, 'Katha Clyant');


insert into author_books (author_books_id, author_id, book_id) values (1, 10, 1);
insert into author_books (author_books_id, author_id, book_id) values (2, 3, 10);
insert into author_books (author_books_id, author_id, book_id) values (3, 6, 9);
insert into author_books (author_books_id, author_id, book_id) values (4, 4, 10);
insert into author_books (author_books_id, author_id, book_id) values (5, 4, 3);
insert into author_books (author_books_id, author_id, book_id) values (6, 6, 2);
insert into author_books (author_books_id, author_id, book_id) values (7, 9, 8);
insert into author_books (author_books_id, author_id, book_id) values (8, 8, 2);
insert into author_books (author_books_id, author_id, book_id) values (9, 2, 2);
insert into author_books (author_books_id, author_id, book_id) values (10, 7, 9);

insert into users_books (users_books_id, user_id, book_id) values (1, 2, 1);
insert into users_books (users_books_id, user_id, book_id) values (2, 2, 2);
insert into users_books (users_books_id, user_id, book_id) values (3, 1, 10);
insert into users_books (users_books_id, user_id, book_id) values (4, 9, 3);
insert into users_books (users_books_id, user_id, book_id) values (5, 9, 2);
insert into users_books (users_books_id, user_id, book_id) values (6, 8, 7);
insert into users_books (users_books_id, user_id, book_id) values (7, 4, 8);
insert into users_books (users_books_id, user_id, book_id) values (8, 4, 4);
insert into users_books (users_books_id, user_id, book_id) values (9, 3, 4);
insert into users_books (users_books_id, user_id, book_id) values (10, 4, 5);
